park,ride,mae,train_samples,test_samples
Disneyland,Adventureland Treehouse inspired by Walt Disney's Swiss Family Robinson,0.03,3928,983
Disneyland,Indiana Jones Adventure,7.63,3928,983
Disneyland,Jungle Cruise,8.04,3928,983
Disneyland,Walt Disney's Enchanted Tiki Room,0.2,3928,983
Disneyland,Davy Crockett's Explorer Canoes,1.97,3928,983
Disneyland,The Many Adventures of Winnie the Pooh,3.66,3928,983
Disneyland,"""it’s a small world"" Holiday",4.73,3928,983
Disneyland,Alice in Wonderland,4.48,3928,983
Disneyland,Casey Jr. Circus Train,2.58,3928,983
Disneyland,Dumbo the Flying Elephant,4.72,3928,983
Disneyland,King Arthur Carrousel,1.93,3928,983
Disneyland,Mad Tea Party,1.96,3928,983
Disneyland,Matterhorn Bobsleds,5.92,3928,983
Disneyland,Mr. Toad's Wild Ride,2.9,3928,983
Disneyland,Peter Pan's Flight,4.84,3928,983
Disneyland,Pinocchio's Daring Journey,2.56,3928,983
Disneyland,Snow White's Enchanted Wish,2.87,3928,983
Disneyland,Storybook Land Canal Boats,3.04,3928,983
Disneyland,Big Thunder Mountain Railroad,6.97,3928,983
Disneyland,Pirate's Lair on Tom Sawyer Island,1.24,3928,983
Disneyland,Sailing Ship Columbia,1.64,3928,983
Disneyland,Great Moments with Mr. Lincoln,0.0,3928,983
Disneyland,Chip 'n Dale's GADGETcoaster,4.14,3928,983
Disneyland,Goofy's How-to-Play Yard,0.0,3928,983
Disneyland,Mickey & Minnie's Runaway Railway,6.97,3928,983
Disneyland,Mickey's House and Meet Mickey Mouse,5.43,3928,983
Disneyland,Roger Rabbit's Car Toon Spin,11.98,3928,983
Disneyland,Pirates of the Carbbean,6.4,3928,983
Disneyland,Millenium Falcon: Smugglers Run,7.15,3928,983
Disneyland,Star Wars: Rise of the Resistance,12.31,3928,983
Disneyland,Astro Orbitor,4.82,3928,983
Disneyland,Autopia,4.02,3928,983
Disneyland,Buzz Lightyear Astro Blasters,10.61,3928,983
Disneyland,Finding Nemo Submarine Voyage,3.19,3928,983
Disneyland,Space Mountain,9.77,3928,983
Disneyland,Star Tours - The Adventures Continue,6.15,3928,983
Disneyland,Tiana's Bayou Adventure,9.5,1467,367
Disneyland,Main Street Vehicles,0.0,1467,367
Disneyland,Walt Disney - A Magical Life,0.0,1467,367
Disneyland,Disney Gallery,0.0,1467,367
Disneyland,Disneyland Monorail,3.23,1467,367
Disney California Adventure Park,Guardians of the Galaxy - Mission: BREAKOUT!,9.4,3436,860
Disney California Adventure Park,WEB SLINGERS: A Spider-Man Adventure,6.66,3436,860
Disney California Adventure Park,Mater’s Junkyard Jamboree,3.73,3436,860
Disney California Adventure Park,Grizzly River Run,6.36,3436,860
Disney California Adventure Park,Redwood Creek Challenge Trail,0.66,3436,860
Disney California Adventure Park,Soarin' Around the World,6.27,3436,860
Disney California Adventure Park,Mickey's PhilharMagic,1.17,3436,860
Disney California Adventure Park,"Monsters, Inc. Mike & Sulley to the Rescue",4.94,3436,860
Disney California Adventure Park,Sorcerer's Workshop,0.0,3436,860
Disney California Adventure Park,Golden Zephyr,2.31,3436,860
Disney California Adventure Park,Goofy's Sky School,6.38,3436,860
Disney California Adventure Park,Silly Symphony Swings,3.21,3436,860
Disney California Adventure Park,The Little Mermaid ~ Ariel's Undersea Adventure,3.73,3436,860
Disney California Adventure Park,Incredicoaster,6.66,3436,860
Disney California Adventure Park,Inside Out Emotional Whirlwind,2.73,3436,860
Disney California Adventure Park,Jessie's Critter Carousel,0.96,3436,860
Disney California Adventure Park,Jumpin' Jellyfish,2.5,3436,860
Disney California Adventure Park,Pixar Pal-A-Round- Swinging,3.54,3436,860
Disney California Adventure Park,Pixar Pal-A-Round - Non-Swinging,4.13,3436,860
Disney California Adventure Park,Toy Story Midway Mania!,12.05,3436,860
Universal Studios Hollywood,DinoPlay,0.0,3438,860
Universal Studios Hollywood,Jurassic World - The Ride,4.22,3438,860
Universal Studios Hollywood,Revenge of the Mummy - The Ride,4.94,3438,860
Universal Studios Hollywood,Despicable Me Minion Mayhem,4.19,3438,860
Universal Studios Hollywood,The Secret Life of Pets: Off the Leash,4.2,3438,860
Universal Studios Hollywood,Kung Fu Panda Adventure,1.81,3438,860
Universal Studios Hollywood,The Simpson's Ride,5.17,3438,860
Universal Studios Hollywood,Flight of the Hippogriff,3.65,3438,860
Universal Studios Hollywood,Harry Potter and the Forbidden Journey,5.0,3438,860
Universal Studios Hollywood,Ollivanders,3.32,3438,860
Universal Studios Hollywood,Transformers: The Ride-3D,6.86,3438,860
Universal Studios Hollywood,Studio Tour,2.34,3438,860
SeaWorld San Diego,Arctic Rescue,2.66,2421,606
SeaWorld San Diego,Emperor ,0.95,2421,606
SeaWorld San Diego,Rescue Rafter,0.57,2421,606
SeaWorld San Diego,Rescue Riders,0.66,2421,606
SeaWorld San Diego,Tidepool Twist,0.9,2421,606
SeaWorld San Diego Obsolete,Bayside Skyride,0.42,2421,606
SeaWorld San Diego Obsolete,Electric Eel,2.12,2421,606
SeaWorld San Diego Obsolete,Journey to Atlantis,1.6,2421,606
SeaWorld San Diego Obsolete,Manta,1.55,2421,606
SeaWorld San Diego Obsolete,Octarock,0.67,2421,606
SeaWorld San Diego Obsolete,Riptide Rescue,0.0,2421,606
SeaWorld San Diego Obsolete,Sea Dragon Drop,0.61,2421,606
SeaWorld San Diego Obsolete,Shipwreck Rapids,0.11,2421,606
SeaWorld San Diego Obsolete,Skytower,0.56,2421,606
SeaWorld San Diego Obsolete,Tentacle Twirl,1.48,2421,606
Six Flags Magic Mountain,Buccaneer,0.79,1502,376
Six Flags Magic Mountain,Grand American Carousel,0.79,1501,376
Six Flags Magic Mountain,Jet Stream,0.0,1502,376
Six Flags Magic Mountain,0,0.0,1501,376
Six Flags Magic Mountain,Merrie Melodies Carousel,0.71,1500,376
Six Flags Magic Mountain,Road Runner Express,0.96,1500,376
Six Flags Magic Mountain,Roaring Rapids,2.07,1500,376
Six Flags Magic Mountain,Swashbuckler,0.8,1500,376
Six Flags Magic Mountain,Gold Rusher,0.76,1500,375
Six Flags Magic Mountain,Apocalypse,1.81,1500,375
Six Flags Magic Mountain,CraZanity ,1.83,1500,375
Six Flags Magic Mountain,Dive Devil,0.42,1500,375
Six Flags Magic Mountain,Full Throttle,6.39,1500,375
Six Flags Magic Mountain,Goliath,3.4,1500,376
Six Flags Magic Mountain,Ninja,1.84,1500,375
Six Flags Magic Mountain,Scream!,0.75,1500,375
Six Flags Magic Mountain,Tatsu,6.98,1500,376
Six Flags Magic Mountain,Twisted Colossus,2.77,1500,375
Six Flags Magic Mountain,Viper,1.57,1500,375
Six Flags Magic Mountain,West Coast Racers,3.76,1500,375
Six Flags Magic Mountain,WONDER WOMAN Flight of Courage,2.62,1500,375
Six Flags Magic Mountain,X2,15.11,1500,375
Six Flags Magic Mountain,Magic Mover,0.76,1500,376
Six Flags Magic Mountain,Canyon Blaster,0.57,1003,251
Six Flags Magic Mountain,Looney Tunes Lodge,1.09,1002,251
Six Flags Magic Mountain,Speedy Gonzales Hot Rod Racers,0.63,837,210
Six Flags Magic Mountain,Sylvester's Pounce and Bounce,0.61,1004,251
Six Flags Magic Mountain,Taz's Trucking Co.,1.1,1002,251
Six Flags Magic Mountain,Daffy Duck's Adventure Tours,1.09,1002,251
Six Flags Magic Mountain,Elmer Fudd's Weather Balloons,0.62,1002,251
Six Flags Magic Mountain,JUSTICE LEAGUE Meet & Greets,1.82,1002,251
Six Flags Magic Mountain,Yosemite Sam's Flight School,0.61,1002,251
